{"cameraMode":{"drawMode":0,"name":"Shaded","section":"Shading Mode"},"sceneLighting":true,"audioPlay":false,"sceneViewState":{"showFog":true,"showMaterialUpdate":true,"showSkybox":true,"showFlares":true,"showImageEffects":true,"showParticleSystems":true},"in2DMode":false,"pivot":{"x":-0.024537086486816407,"y":0.17182421684265138,"z":0.6114284992218018},"rotation":{"x":0.08396032452583313,"y":0.8531075716018677,"z":-0.14495740830898286,"w":0.4941226541996002},"size":4.373275279998779,"orthographic":false}