{"cameraMode":{"drawMode":0,"name":"Shaded","section":"Shading Mode"},"sceneLighting":true,"audioPlay":false,"sceneViewState":{"showFog":true,"showMaterialUpdate":true,"showSkybox":true,"showFlares":true,"showImageEffects":true,"showParticleSystems":true},"in2DMode":false,"pivot":{"x":-21.67669105529785,"y":4.517743110656738,"z":18.065059661865236},"rotation":{"x":-0.2612481713294983,"y":-0.26034122705459597,"z":0.073401540517807,"w":-0.9265986680984497},"size":9.739924430847168,"orthographic":false}